id	title	updated_at	type	archive_file	original_url
11650	美国暴风雪对物流服务的影响提醒1月	2026-01-23 17:30:04	#word	docs/11650-美国暴风雪对物流服务的影响提醒1月.md	https://www.yqn.com/nav/custom/knowledge/detail?belongDatabase=4&id=11650
11651	美国暴风雪影响 NJ、TX 地区仓库作业通知1月	2026-01-23 17:30:18	#word	docs/11651-美国暴风雪影响 NJ、TX 地区仓库作业通知1月.md	https://www.yqn.com/nav/custom/knowledge/detail?belongDatabase=4&id=11651
11652	燃油附加费汇总1月	2026-05-13 16:00:07	#excel	docs/11652-燃油附加费汇总1月.md	https://www.yqn.com/nav/custom/knowledge/detail?belongDatabase=4&id=11652
11640	仓库基本信息	2026-09-29 11:40:20	#excel	docs/11640-仓库基本信息.md	https://www.yqn.com/nav/custom/knowledge/detail?belongDatabase=4&id=11640
11641	仓库支持承运方式汇总	2026-09-23 08:50:16	#excel	docs/11641-仓库支持承运方式汇总.md	https://www.yqn.com/nav/custom/knowledge/detail?belongDatabase=4&id=11641
11647	【入库各模块快捷指引】	2026-06-11 15:40:11	#word	docs/11647-【入库各模块快捷指引】.md	https://www.yqn.com/nav/custom/knowledge/detail?belongDatabase=4&id=11647
11654	第一步：登录运去哪erp系统/官网登录流程	2026-05-11 18:10:11	#word	docs/11654-第一步：登录运去哪erp系统_官网登录流程.md	https://www.yqn.com/nav/custom/knowledge/detail?belongDatabase=4&id=11654
11691	第二步：创建商品条码	2026-09-29 15:10:19	#word	docs/11691-第二步：创建商品条码.md	https://www.yqn.com/nav/custom/knowledge/detail?belongDatabase=4&id=11691
11513	第三步：创建入库计划单&装箱	2026-01-27 19:52:21	#word	docs/11513-第三步：创建入库计划单&装箱.md	https://www.yqn.com/nav/custom/knowledge/detail?belongDatabase=4&id=11513
11695	店铺对接方式汇总	2026-05-25 16:10:08	#word	docs/11695-店铺对接方式汇总.md	https://www.yqn.com/nav/custom/knowledge/detail?belongDatabase=4&id=11695
11696	erp推单方式汇总	2026-08-10 01:10:07	#word	docs/11696-erp推单方式汇总.md	https://www.yqn.com/nav/custom/knowledge/detail?belongDatabase=4&id=11696
11693	第五步：预约送仓	2026-09-20 18:00:16	#word	docs/11693-第五步：预约送仓.md	https://www.yqn.com/nav/custom/knowledge/detail?belongDatabase=4&id=11693
11521	客户装箱入库及贴标规范指引	2026-01-27 20:10:19	#word	docs/11521-客户装箱入库及贴标规范指引.md	https://www.yqn.com/nav/custom/knowledge/detail?belongDatabase=4&id=11521
11527	发货&打包规范标准	2026-05-21 17:20:09	#excel	docs/11527-发货&打包规范标准.md	https://www.yqn.com/nav/custom/knowledge/detail?belongDatabase=4&id=11527
11657	YQN-海外仓禁寄品清单202601	2026-01-27 20:31:05	#word	docs/11657-YQN-海外仓禁寄品清单202601.md	https://www.yqn.com/nav/custom/knowledge/detail?belongDatabase=4&id=11657
11584	委托拖车流程	2025-12-30 14:01:20	#word	docs/11584-委托拖车流程.md	https://www.yqn.com/nav/custom/knowledge/detail?belongDatabase=4&id=11584
11579	销毁计划单	2025-12-30 14:40:56	#word	docs/11579-销毁计划单.md	https://www.yqn.com/nav/custom/knowledge/detail?belongDatabase=4&id=11579
11660	库存明细报表	2026-03-12 16:50:10	#word	docs/11660-库存明细报表.md	https://www.yqn.com/nav/custom/knowledge/detail?belongDatabase=4&id=11660
11661	库存快照	2026-01-28 08:30:21	#word	docs/11661-库存快照.md	https://www.yqn.com/nav/custom/knowledge/detail?belongDatabase=4&id=11661
11662	库存变动明细报表	2026-01-28 08:30:29	#word	docs/11662-库存变动明细报表.md	https://www.yqn.com/nav/custom/knowledge/detail?belongDatabase=4&id=11662
11663	库存批次明细	2026-01-28 08:30:36	#word	docs/11663-库存批次明细.md	https://www.yqn.com/nav/custom/knowledge/detail?belongDatabase=4&id=11663
11664	库存库龄报表	2026-01-28 08:30:43	#word	docs/11664-库存库龄报表.md	https://www.yqn.com/nav/custom/knowledge/detail?belongDatabase=4&id=11664
11633	事务处理计划	2026-02-09 17:40:06	#word	docs/11633-事务处理计划.md	https://www.yqn.com/nav/custom/knowledge/detail?belongDatabase=4&id=11633
11700	子账号配置	2026-03-27 09:40:09	#word	docs/11700-子账号配置.md	https://www.yqn.com/nav/custom/knowledge/detail?belongDatabase=4&id=11700
11699	项目管理	2026-03-26 17:50:31	#word	docs/11699-项目管理.md	https://www.yqn.com/nav/custom/knowledge/detail?belongDatabase=4&id=11699
11668	订单异常处理各个环节汇总	2026-04-27 15:10:11	#word	docs/11668-订单异常处理各个环节汇总.md	https://www.yqn.com/nav/custom/knowledge/detail?belongDatabase=4&id=11668
11667	库内订单拦截单	2026-06-01 18:10:11	#word	docs/11667-库内订单拦截单.md	https://www.yqn.com/nav/custom/knowledge/detail?belongDatabase=4&id=11667
11669	补发单创建	2026-04-20 21:01:28	#word	docs/11669-补发单创建.md	https://www.yqn.com/nav/custom/knowledge/detail?belongDatabase=4&id=11669
11526	手动导单操作手册	2026-05-14 16:50:16	#word	docs/11526-手动导单操作手册.md	https://www.yqn.com/nav/custom/knowledge/detail?belongDatabase=4&id=11526
11537	合包（箱）发货SOP	2026-09-24 19:00:06	#word	docs/11537-合包（箱）发货SOP.md	https://www.yqn.com/nav/custom/knowledge/detail?belongDatabase=4&id=11537
11545	店铺授权-SHEIN	2026-07-14 14:10:11	#word	docs/11545-店铺授权-SHEIN.md	https://www.yqn.com/nav/custom/knowledge/detail?belongDatabase=4&id=11545
11548	店铺授权-Amazon	2026-06-23 15:51:25	#word	docs/11548-店铺授权-Amazon.md	https://www.yqn.com/nav/custom/knowledge/detail?belongDatabase=4&id=11548
11549	店铺授权-Shopify	2026-07-08 15:10:13	#word	docs/11549-店铺授权-Shopify.md	https://www.yqn.com/nav/custom/knowledge/detail?belongDatabase=4&id=11549
11550	店铺授权-Homdepot	2026-03-09 17:18:33	#word	docs/11550-店铺授权-Homdepot.md	https://www.yqn.com/nav/custom/knowledge/detail?belongDatabase=4&id=11550
11551	店铺授权-overstock	2026-03-09 17:18:33	#word	docs/11551-店铺授权-overstock.md	https://www.yqn.com/nav/custom/knowledge/detail?belongDatabase=4&id=11551
11552	店铺授权-Houzz	2026-03-09 17:18:33	#word	docs/11552-店铺授权-Houzz.md	https://www.yqn.com/nav/custom/knowledge/detail?belongDatabase=4&id=11552
11553	店铺授权-Walmart	2026-07-16 16:00:12	#word	docs/11553-店铺授权-Walmart.md	https://www.yqn.com/nav/custom/knowledge/detail?belongDatabase=4&id=11553
11554	店铺授权-Ebay	2026-04-24 09:10:04	#word	docs/11554-店铺授权-Ebay.md	https://www.yqn.com/nav/custom/knowledge/detail?belongDatabase=4&id=11554
11546	店铺授权-Temu	2026-09-09 17:40:18	#word	docs/11546-店铺授权-Temu.md	https://www.yqn.com/nav/custom/knowledge/detail?belongDatabase=4&id=11546
11547	店铺授权-TIKTOK	2026-06-23 15:50:17	#word	docs/11547-店铺授权-TIKTOK.md	https://www.yqn.com/nav/custom/knowledge/detail?belongDatabase=4&id=11547
11659	店铺产品映射	2026-06-25 09:50:12	#word	docs/11659-店铺产品映射.md	https://www.yqn.com/nav/custom/knowledge/detail?belongDatabase=4&id=11659
11557	店铺授权-Wayfair	2026-03-09 17:20:08	#word	docs/11557-店铺授权-Wayfair.md	https://www.yqn.com/nav/custom/knowledge/detail?belongDatabase=4&id=11557
11721	店铺授权-美客多	2026-05-13 15:00:14	#word	docs/11721-店铺授权-美客多.md	https://www.yqn.com/nav/custom/knowledge/detail?belongDatabase=4&id=11721
11559	领星ERP对接YQN配置手册	2026-08-10 00:50:12	#word	docs/11559-领星ERP对接YQN配置手册.md	https://www.yqn.com/nav/custom/knowledge/detail?belongDatabase=4&id=11559
11562	店小秘ERP对接YQN配置手册	2026-08-10 00:51:09	#word	docs/11562-店小秘ERP对接YQN配置手册.md	https://www.yqn.com/nav/custom/knowledge/detail?belongDatabase=4&id=11562
11564	马帮ERP对接YQN配置手册	2026-08-10 00:52:14	#word	docs/11564-马帮ERP对接YQN配置手册.md	https://www.yqn.com/nav/custom/knowledge/detail?belongDatabase=4&id=11564
11566	通途ERP对接YQN配置手册	2026-08-10 00:41:07	#word	docs/11566-通途ERP对接YQN配置手册.md	https://www.yqn.com/nav/custom/knowledge/detail?belongDatabase=4&id=11566
11567	千易ERP对接YQN配置手册	2026-08-10 00:42:02	#word	docs/11567-千易ERP对接YQN配置手册.md	https://www.yqn.com/nav/custom/knowledge/detail?belongDatabase=4&id=11567
11568	领星OMS对接YQN配置手册	2026-03-09 16:54:46	#word	docs/11568-领星OMS对接YQN配置手册.md	https://www.yqn.com/nav/custom/knowledge/detail?belongDatabase=4&id=11568
11569	赛盒ERP对接YQN配置手册	2026-08-10 10:50:08	#word	docs/11569-赛盒ERP对接YQN配置手册.md	https://www.yqn.com/nav/custom/knowledge/detail?belongDatabase=4&id=11569
11571	鲸汇ERP对接YQN配置手册	2026-03-09 16:54:46	#word	docs/11571-鲸汇ERP对接YQN配置手册.md	https://www.yqn.com/nav/custom/knowledge/detail?belongDatabase=4&id=11571
11573	赛狐ERP对接YQN配置手册	2026-08-07 18:40:10	#word	docs/11573-赛狐ERP对接YQN配置手册.md	https://www.yqn.com/nav/custom/knowledge/detail?belongDatabase=4&id=11573
11560	易仓OMS对接YQN配置手册	2026-08-10 00:40:11	#word	docs/11560-易仓OMS对接YQN配置手册.md	https://www.yqn.com/nav/custom/knowledge/detail?belongDatabase=4&id=11560
11565	妙手ERP对接YQN配置手册	2026-08-07 18:30:08	#word	docs/11565-妙手ERP对接YQN配置手册.md	https://www.yqn.com/nav/custom/knowledge/detail?belongDatabase=4&id=11565
11723	万里牛ERP对接YQN配置手册	2026-06-12 13:40:13	#word	docs/11723-万里牛ERP对接YQN配置手册.md	https://www.yqn.com/nav/custom/knowledge/detail?belongDatabase=4&id=11723
11769	积加ERP对接YQN配置手册	2026-08-10 01:00:53	#word	docs/11769-积加ERP对接YQN配置手册.md	https://www.yqn.com/nav/custom/knowledge/detail?belongDatabase=4&id=11769
11782	自提bol填写要求以及上传流程	2026-09-21 17:30:10	#word	docs/11782-自提bol填写要求以及上传流程.md	https://www.yqn.com/nav/custom/knowledge/detail?belongDatabase=4&id=11782
11784	amazon VC店铺对接配置	2026-09-21 17:30:41	#word	docs/11784-amazon VC店铺对接配置.md	https://www.yqn.com/nav/custom/knowledge/detail?belongDatabase=4&id=11784
11528	调拨出库	2026-07-09 13:50:18	#word	docs/11528-调拨出库.md	https://www.yqn.com/nav/custom/knowledge/detail?belongDatabase=4&id=11528
11583	转运计划	2026-04-20 17:51:29	#word	docs/11583-转运计划.md	https://www.yqn.com/nav/custom/knowledge/detail?belongDatabase=4&id=11583
11779	择仓规则配置	2026-09-16 11:30:18	#word	docs/11779-择仓规则配置.md	https://www.yqn.com/nav/custom/knowledge/detail?belongDatabase=4&id=11779
11780	人工审单配置	2026-09-16 11:40:17	#word	docs/11780-人工审单配置.md	https://www.yqn.com/nav/custom/knowledge/detail?belongDatabase=4&id=11780
11781	拆单规则配置	2026-09-18 11:30:17	#word	docs/11781-拆单规则配置.md	https://www.yqn.com/nav/custom/knowledge/detail?belongDatabase=4&id=11781
11520	YQN卡车美东仓发FBA价卡	2026-01-29 20:20:11	#excel	docs/11520-YQN卡车美东仓发FBA价卡.md	https://www.yqn.com/nav/custom/knowledge/detail?belongDatabase=4&id=11520
11525	YQN卡车美西仓发FBA价卡	2026-01-29 20:21:14	#excel	docs/11525-YQN卡车美西仓发FBA价卡.md	https://www.yqn.com/nav/custom/knowledge/detail?belongDatabase=4&id=11525
11536	YQN安排卡车入YQN仓流程	2025-12-30 18:00:53	#word	docs/11536-YQN安排卡车入YQN仓流程.md	https://www.yqn.com/nav/custom/knowledge/detail?belongDatabase=4&id=11536
11538	YQN仓库安排卡车调拨出库流程	2026-01-28 08:40:03	#word	docs/11538-YQN仓库安排卡车调拨出库流程.md	https://www.yqn.com/nav/custom/knowledge/detail?belongDatabase=4&id=11538
11539	卡派运费快速测算	2025-12-30 18:01:04	#word	docs/11539-卡派运费快速测算.md	https://www.yqn.com/nav/custom/knowledge/detail?belongDatabase=4&id=11539
11509	YQN卡车业务	2026-03-09 13:20:03	#word	docs/11509-YQN卡车业务.md	https://www.yqn.com/nav/custom/knowledge/detail?belongDatabase=4&id=11509
11541	卡派系统操作手册	2026-08-21 11:20:12	#word	docs/11541-卡派系统操作手册.md	https://www.yqn.com/nav/custom/knowledge/detail?belongDatabase=4&id=11541
11685	尾程卡派丢件货损售后流程	2026-02-06 11:40:09	#word	docs/11685-尾程卡派丢件货损售后流程.md	https://www.yqn.com/nav/custom/knowledge/detail?belongDatabase=4&id=11685
11689	卡司索赔处理流程	2026-07-06 18:50:10	#word	docs/11689-卡司索赔处理流程.md	https://www.yqn.com/nav/custom/knowledge/detail?belongDatabase=4&id=11689
11688	保险理赔处理流程	2026-06-18 15:30:12	#word	docs/11688-保险理赔处理流程.md	https://www.yqn.com/nav/custom/knowledge/detail?belongDatabase=4&id=11688
11773	卡司账单反弹项说明	2026-08-18 16:31:13	#excel	docs/11773-卡司账单反弹项说明.md	https://www.yqn.com/nav/custom/knowledge/detail?belongDatabase=4&id=11773
11665	尾程物流查询	2026-04-01 16:51:28	#word	docs/11665-尾程物流查询.md	https://www.yqn.com/nav/custom/knowledge/detail?belongDatabase=4&id=11665
11701	尾程物流异动单	2026-05-14 15:30:13	#word	docs/11701-尾程物流异动单.md	https://www.yqn.com/nav/custom/knowledge/detail?belongDatabase=4&id=11701
11587	快递资源的对比说明1月	2026-09-17 09:20:13	#excel	docs/11587-快递资源的对比说明1月.md	https://www.yqn.com/nav/custom/knowledge/detail?belongDatabase=4&id=11587
11540	旺季费用更新&附加费更新通知历史汇总表	2026-01-27 20:30:31	#excel	docs/11540-旺季费用更新&附加费更新通知历史汇总表.md	https://www.yqn.com/nav/custom/knowledge/detail?belongDatabase=4&id=11540
11666	投保操作手册	2026-01-28 12:13:44	#word	docs/11666-投保操作手册.md	https://www.yqn.com/nav/custom/knowledge/detail?belongDatabase=4&id=11666
11670	退货计划创建以及退货面单生成	2026-07-22 14:10:20	#word	docs/11670-退货计划创建以及退货面单生成.md	https://www.yqn.com/nav/custom/knowledge/detail?belongDatabase=4&id=11670
11577	退货入库认领	2026-07-22 10:20:13	#word	docs/11577-退货入库认领.md	https://www.yqn.com/nav/custom/knowledge/detail?belongDatabase=4&id=11577
11636	库内及账单索赔指引	2026-09-28 10:40:21	#word	docs/11636-库内及账单索赔指引.md	https://www.yqn.com/nav/custom/knowledge/detail?belongDatabase=4&id=11636
11638	尾程相关索赔单指引	2026-09-28 10:41:42	#word	docs/11638-尾程相关索赔单指引.md	https://www.yqn.com/nav/custom/knowledge/detail?belongDatabase=4&id=11638
11708	运去哪尾程适用索赔条件说明	2026-04-13 17:50:17	#excel	docs/11708-运去哪尾程适用索赔条件说明.md	https://www.yqn.com/nav/custom/knowledge/detail?belongDatabase=4&id=11708
11716	预充值客户账单产生以及付款、水单审核流程	2026-04-29 19:10:16	#word	docs/11716-预充值客户账单产生以及付款、水单审核流程.md	https://www.yqn.com/nav/custom/knowledge/detail?belongDatabase=4&id=11716
11714	我的账户-概览	2026-06-02 16:50:18	#word	docs/11714-我的账户-概览.md	https://www.yqn.com/nav/custom/knowledge/detail?belongDatabase=4&id=11714
11715	交易流水	2026-08-04 12:00:17	#word	docs/11715-交易流水.md	https://www.yqn.com/nav/custom/knowledge/detail?belongDatabase=4&id=11715
11717	月结客户账单产生以及付款、水单审核、开票流程	2026-04-29 19:11:28	#word	docs/11717-月结客户账单产生以及付款、水单审核、开票流程.md	https://www.yqn.com/nav/custom/knowledge/detail?belongDatabase=4&id=11717
11712	预充值、月结支付渠道	2026-04-29 18:50:42	#word	docs/11712-预充值、月结支付渠道.md	https://www.yqn.com/nav/custom/knowledge/detail?belongDatabase=4&id=11712
11707	人民币付款说明	2026-05-20 11:40:17	#word	docs/11707-人民币付款说明.md	https://www.yqn.com/nav/custom/knowledge/detail?belongDatabase=4&id=11707
11519	个人支付-富友支付	2026-05-14 11:20:11	#word	docs/11519-个人支付-富友支付.md	https://www.yqn.com/nav/custom/knowledge/detail?belongDatabase=4&id=11519
11671	公对公支付-中国银行收款方式说明	2026-05-18 15:40:08	#word	docs/11671-公对公支付-中国银行收款方式说明.md	https://www.yqn.com/nav/custom/knowledge/detail?belongDatabase=4&id=11671
11702	美金付款方式说明	2026-05-20 16:20:23	#word	docs/11702-美金付款方式说明.md	https://www.yqn.com/nav/custom/knowledge/detail?belongDatabase=4&id=11702
11783	问题费用标记和处理	2026-09-20 17:50:36	#word	docs/11783-问题费用标记和处理.md	https://www.yqn.com/nav/custom/knowledge/detail?belongDatabase=4&id=11783
11516	如何自助水单上传及发票开具	2026-05-22 08:50:18	#word	docs/11516-如何自助水单上传及发票开具.md	https://www.yqn.com/nav/custom/knowledge/detail?belongDatabase=4&id=11516
11719	收费流程及规则	2026-05-25 10:20:28	#word	docs/11719-收费流程及规则.md	https://www.yqn.com/nav/custom/knowledge/detail?belongDatabase=4&id=11719
11724	月结客户催款停发说明	2026-06-03 16:50:08	#word	docs/11724-月结客户催款停发说明.md	https://www.yqn.com/nav/custom/knowledge/detail?belongDatabase=4&id=11724
11534	系统打单操作流程	2025-12-30 15:30:46	#word	docs/11534-系统打单操作流程.md	https://www.yqn.com/nav/custom/knowledge/detail?belongDatabase=4&id=11534
11530	订单异常单及处理方式	2025-12-30 15:40:44	#word	docs/11530-订单异常单及处理方式.md	https://www.yqn.com/nav/custom/knowledge/detail?belongDatabase=4&id=11530
